Test,Time,Voltage,HTemp,LTemp
1,20:30:57.3233333,0,21,21
2,20:35:00.0000000,1,25,21
3,20:40:00.0000000,1,23,22
